Record,Correct,Wrong,Percent,week
12-4,12,4,0.75,1
9-7,9,7,0.5625,1
12-4,12,4,0.75,1
12-4,12,4,0.75,1
11-5,11,5,0.6875,1
9-7,9,7,0.5625,1
9-7,9,7,0.5625,1
9-7,9,7,0.5625,1
10-6,10,6,0.625,1
14-2,14,2,0.875,2
14-2,14,2,0.875,2
13-3,13,3,0.8125,2
13-3,13,3,0.8125,2
11-5,11,5,0.6875,2
15-1,15,1,0.9375,2
15-1,15,1,0.9375,2
13-3,13,3,0.8125,2
10-5,10,5,0.6666666666666666,3
7-8,7,8,0.4666666666666667,3
6-9,6,9,0.4,3
8-7,8,7,0.5333333333333333,3
12-3,12,3,0.8,3
9-6,9,6,0.6,3
9-6,9,6,0.6,3
